Input State,Hardware Fidelity,Raw Counts
|0>,0.519775390625,"{'011': 926, '010': 1012, '000': 1058, '001': 983, '110': 37, '101': 27, '111': 31, '100': 22}"
|1>,0.50927734375,"{'110': 941, '100': 984, '101': 1006, '111': 981, '001': 63, '000': 52, '011': 36, '010': 33}"
|+>,0.4999999999999999,"{'100': 543, '000': 622, '011': 490, '001': 490, '111': 496, '110': 462, '101': 511, '010': 482}"
|->,0.4999999999999999,"{'110': 482, '011': 490, '100': 475, '101': 515, '000': 517, '010': 566, '111': 502, '001': 549}"
