Input State,Fidelity
|0>,0.9999999999999996
|1>,0.9999999999999996
|+>,0.9999999999999993
|->,0.9999999999999993
